{
  "src/root.zig": 1776111568.1688755,
  "src/engine/input.zig": 1776003299.7156131,
  "src/engine/timer.zig": 1776068061.3843424,
  "src/engine/scene.zig": 1776068062.4926786,
  "src/graphics/sprite_placer.zig": 1775990485.2993708,
  "src/graphics/kitty.zig": 1775990638.1382365,
  "src/graphics/compositing.zig": 1776068061.3843424,
  "src/graphics/image.zig": 1776068061.3843424,
  "src/graphics/renderer.zig": 1776068061.3843424,
  "src/graphics/tilemap.zig": 1776068061.3843424,
  "src/scripting/lua_ecs.zig": 1776068062.4926786,
  "src/scripting/lua_engine.zig": 1776068062.4926786,
  "src/scripting/lua_api.zig": 1776111555.9887905,
  "src/audio/audio.zig": 1776068062.4921288,
  "src/persistence/db.zig": 1776068061.3843424,
  "src/ecs/component_store.zig": 1776068062.4921288,
  "src/ecs/entity.zig": 1776068062.4926786,
  "src/ecs/world.zig": 1776068062.4926786,
  "src/bin/main.zig": 1776111563.0228395,
  "examples/bounce/main.lua": 1776111588.8080196,
  "examples/fractal/main.lua": 1776111589.7890265,
  "examples/logo/main.lua": 1776111590.5980322,
  "build.zig": 1776111564.5878506,
  "LUA_API.md": 1776107106.879836,
  "CLAUDE.md": 1776111605.3031344,
  "DESIGN.md": 1776111612.0331812,
  "ARCHITECTURE.md": 1776111618.794228,
  "PROGRESS.md": 1776111633.9893334
}