{
  "src/main.zig": 1776025032.7791748,
  "src/engine/input.zig": 1776003299.7156131,
  "src/engine/timer.zig": 1776019628.9002464,
  "src/engine/scene.zig": 1776024355.0669959,
  "src/graphics/sprite_placer.zig": 1775990485.2993708,
  "src/graphics/kitty.zig": 1775990638.1382365,
  "src/graphics/image.zig": 1776017032.9680524,
  "src/graphics/compositing.zig": 1776019181.067874,
  "src/graphics/renderer.zig": 1776019615.4480877,
  "src/graphics/tilemap.zig": 1776019621.9071639,
  "src/scripting/lua_engine.zig": 1776024492.6336553,
  "src/scripting/lua_api.zig": 1776024630.174315,
  "src/scripting/lua_ecs.zig": 1776025064.1375532,
  "src/persistence/db.zig": 1776012752.965424,
  "src/audio/audio.zig": 1776024481.1545167,
  "src/ecs/component_store.zig": 1776020597.398007,
  "src/ecs/entity.zig": 1776020747.1588767,
  "src/ecs/world.zig": 1776025029.2011316,
  "games/hello/main.lua": 1775967470.3816226,
  "games/bounce/main.lua": 1775969361.439905,
  "games/sprites/main.lua": 1776000141.1133773,
  "games/platformer/main.lua": 1775995845.644925,
  "games/scenes/main.lua": 1776003701.820927,
  "games/scenes/scenes/menu.lua": 1776003714.1500947,
  "games/scenes/scenes/game.lua": 1776003727.8152807,
  "games/scenes/scenes/pause.lua": 1776003735.1333804,
  "games/fractal/main.lua": 1776011642.6670103,
  "games/logo/main.lua": 1776016943.6323338,
  "games/rhythm/main.lua": 1776011642.668014,
  "games/roguelike/main.lua": 1776017674.7907295,
  "games/ecs-demo/main.lua": 1776022945.6789112,
  "games/codecritter/DESIGN.md": 1776031554.6003978,
  "phases/phase-0.md": 1775967786.8012903,
  "phases/phase-2.md": 1775988507.6109812,
  "phases/phase-1.md": 1776002650.5280995,
  "phases/phase-3.md": 1776003823.410582,
  "phases/phase-4.md": 1776011642.6690176,
  "phases/phase-5.md": 1776017448.330926,
  "phases/phase-6.md": 1776018405.6442368,
  "phases/phase-8.md": 1776018414.782332,
  "phases/phase-9.md": 1776018418.41337,
  "phases/phase-7.md": 1776022998.9075563,
  "phases/phase-9.1.md": 1776031641.6664588,
  "phases/phase-9.2.md": 1776031728.5645156,
  "phases/phase-9.3.md": 1776031942.6653912,
  "phases/phase-9.4.md": 1776032162.9367728,
  "phases/phase-9.5.md": 1776032280.0421908,
  "phases/phase-9.6.md": 1776032368.0622566,
  "phases/phase-9.7.md": 1776032441.5261462,
  "phases/phase-9.8.md": 1776032539.5933335,
  "phases/phase-9.9.md": 1776032617.5092769,
  "games/sprites/assets/knight-run.png": 1775988398.4686348,
  "games/sprites/assets/knight-idle.png": 1775988398.4706347,
  "games/sprites/assets/knight-slash.png": 1775988398.4726348,
  "games/sprites/assets/knight-jump.png": 1775988398.4736347,
  "games/sprites/assets/knight-hurt.png": 1775988398.474635,
  "games/sprites/assets/fire-skull.png": 1775988398.477635,
  "games/sprites/assets/explosion.png": 1775988398.4786348,
  "games/sprites/assets/electro-shock.png": 1775988398.480635,
  "games/sprites/assets/castle-tileset.png": 1775988398.4816349,
  "games/sprites/assets/castle-background.png": 1775988398.483635,
  "games/platformer/assets/idle.png": 1775994807.3407187,
  "games/platformer/assets/walk.png": 1775994807.3427188,
  "games/platformer/assets/from-idle.png": 1775994807.3457189,
  "games/scenes/assets/sky.png": 1776003695.3788393,
  "games/scenes/assets/mountains.png": 1776003695.3808393,
  "games/scenes/assets/dragon-fly.png": 1776003695.3818393,
  "games/scenes/assets/knight-idle.png": 1776003695.3828392,
  "games/scenes/assets/knight-run.png": 1776003695.3848393,
  "games/roguelike/assets/tileset.png": 1776017320.5680902
}